sample,RAI_Score,time_to_recurrence,recurrence_event,age,stage,risk
TCGA-DJ-A4V5-01,0.37430390198874736,1076,0,55,4.0,High
TCGA-L6-A4EQ-01,0.1645313386956432,1228,0,47,3.0,High
TCGA-FE-A3PB-01,0.7013862610091254,2590,0,33,1.0,High
TCGA-E8-A2EA-01,0.7658289566290021,1085,0,52,1.0,High
TCGA-ET-A3DS-01,-1.4865520227306124,2033,0,33,1.0,Low
TCGA-E8-A432-01,0.16188376301227056,720,1,57,2.0,High
TCGA-ET-A39M-01,0.710744560825581,2582,0,34,1.0,High
TCGA-EL-A3T8-01,0.12979687221786854,3269,0,36,1.0,Low
TCGA-ET-A25K-01,0.19982989138116056,2142,0,36,1.0,High
TCGA-DJ-A13O-01,0.6141371598644962,1161,0,56,1.0,High
TCGA-DJ-A2PO-01,-0.09767377980827523,243,0,54,1.0,Low
TCGA-DJ-A13V-01,0.1604627426973557,1313,0,21,1.0,High
TCGA-EM-A2CT-01,-1.0470260851686939,1474,0,20,1.0,Low
TCGA-DJ-A3VJ-01,0.6467961938006185,1108,0,22,1.0,High
TCGA-EL-A4K4-01,0.5987837099088674,1623,0,33,1.0,High
TCGA-EL-A3ZP-01,0.5702215224759066,1992,0,19,1.0,High
TCGA-DO-A1K0-01,-0.02926181127659087,577,1,30,1.0,Low
TCGA-EM-A22N-01,-1.4722337245154122,324,0,68,1.0,Low
TCGA-IM-A3U3-01,0.3957901693124845,514,0,55,1.0,High
TCGA-IM-A3U2-01,1.0298820475717851,563,0,89,4.0,High
TCGA-EL-A3ZM-01,1.7391691104059241,1096,0,60,4.0,High
TCGA-ET-A3DW-01,0.45445120569083114,752,0,64,3.0,High
TCGA-EM-A22M-01,0.4006207615482777,442,0,52,1.0,High
TCGA-EM-A22I-01,0.6389900164026989,448,0,52,3.0,High
TCGA-EL-A3CS-01,0.005221800253552576,1385,1,62,4.0,Low
TCGA-H2-A3RI-01,0.15765449422836741,279,1,29,1.0,High
TCGA-BJ-A45J-01,0.7575244058282777,658,0,39,1.0,High
TCGA-EM-A2P0-01,-0.058748634614612015,535,0,33,1.0,Low
TCGA-E3-A3E3-01,0.21774082278171028,445,1,49,2.0,High
TCGA-DJ-A2Q5-01,0.053735495865361,1140,0,51,4.0,Low
TCGA-ET-A39S-01,0.2589226755354879,1676,0,27,1.0,High
TCGA-FY-A3R9-01,-0.9849798811838101,504,0,66,1.0,Low
TCGA-DJ-A1QN-01,0.12417300156314791,1295,0,42,1.0,Low
TCGA-EM-A22J-01,-1.1613291713291585,441,0,56,2.0,Low
TCGA-EL-A3GO-01,-1.2200527061570865,6,1,31,1.0,Low
TCGA-FK-A3SG-01,1.022402147795072,28,0,21,1.0,High
TCGA-EL-A4K9-01,0.19214320217434389,1455,0,68,2.0,High
TCGA-EM-A3FJ-01,0.37420094758399775,850,0,24,1.0,High
TCGA-KS-A4I1-01,0.47501850468641527,812,0,37,1.0,High
TCGA-IM-A41Y-01,0.747622948267476,664,0,42,1.0,High
TCGA-EM-A3ST-01,-0.07390040197657151,966,1,62,3.0,Low
TCGA-ET-A39K-01,1.1550155561766193,711,1,48,3.0,High
TCGA-FY-A3ON-01,0.13702940028115465,595,0,20,1.0,High
TCGA-BJ-A28W-01,-0.2555893293890918,344,0,32,1.0,Low
TCGA-DJ-A13X-01,-0.1318321992471503,253,0,51,3.0,Low
TCGA-EM-A3O8-01,-1.0228164020286934,381,0,33,1.0,Low
TCGA-ET-A40T-01,0.24742899020711354,1140,0,26,1.0,High
TCGA-DJ-A3VF-01,0.46642216158021416,292,0,60,4.0,High
TCGA-ET-A39N-01,0.10266407385707561,3751,0,35,1.0,Low
TCGA-CE-A481-01,-0.24419859863734827,346,0,41,1.0,Low
TCGA-KS-A41I-01,0.2925977822495213,486,0,47,1.0,High
TCGA-DJ-A13U-01,-0.2755939819322593,1590,0,60,3.0,Low
TCGA-BJ-A0ZC-01,-1.560533860861294,352,0,55,1.0,Low
TCGA-ET-A3DT-01,-0.31230337139669034,1330,0,23,1.0,Low
TCGA-ET-A3BW-01,-0.586768613905584,1419,0,30,1.0,Low
TCGA-ET-A25I-01,-0.5387569843140632,2485,0,37,1.0,Low
TCGA-L6-A4ET-01,0.30523007160569937,664,0,49,4.0,High
TCGA-EL-A3GZ-01,0.17617939613450082,4258,0,34,1.0,High
TCGA-EM-A3AI-01,-1.0859011500581686,685,0,67,2.0,Low
TCGA-FY-A76V-01,-0.3868054884495775,51,0,54,2.0,Low
TCGA-FE-A239-01,-1.2581514957815216,933,1,82,3.0,Low
TCGA-EM-A3FM-01,1.2405854414426318,514,1,57,4.0,High
TCGA-EM-A4FV-01,-0.23372881548188232,744,0,64,1.0,Low
TCGA-DJ-A2PX-01,-0.1779600384536519,881,0,55,1.0,Low
TCGA-EL-A3CW-01,-0.5238642815996194,1734,0,87,3.0,Low
TCGA-FY-A4B4-01,0.4670051702147049,657,0,62,3.0,High
TCGA-J8-A3YH-01,0.1307840971625183,175,0,39,1.0,Low
TCGA-DJ-A3V2-01,0.3110923563115368,615,0,44,1.0,High
TCGA-E8-A44M-01,-0.18559702260258773,917,0,23,1.0,Low
TCGA-FK-A3SE-01,0.21818945048901747,670,0,31,1.0,High
TCGA-ET-A39L-01,-0.5250083064711576,3299,0,20,1.0,Low
TCGA-DE-A3KN-01,0.1844166337637947,831,0,49,4.0,High
TCGA-BJ-A45D-01,0.4282200308644022,331,0,36,1.0,High
TCGA-ET-A2N5-01,-0.6110442458942246,2460,0,46,3.0,Low
TCGA-BJ-A45K-01,-1.2006438048308612,705,0,33,1.0,Low
TCGA-EM-A1YB-01,-0.9508977253666137,592,0,73,2.0,Low
TCGA-EM-A4FF-01,0.38672882050154095,1785,1,40,1.0,High
TCGA-DJ-A3V0-01,0.6873124887874856,1125,0,56,4.0,High
TCGA-DJ-A2Q7-01,0.010909510528701268,1068,0,52,3.0,Low
TCGA-EM-A22Q-01,-0.06270871894686862,433,0,36,1.0,Low
TCGA-DJ-A2PW-01,0.4105696673874821,1060,0,65,3.0,High
TCGA-EM-A3FK-01,0.18347168029418817,723,0,30,1.0,High
TCGA-FY-A3NM-01,-1.3041606474536742,885,0,48,3.0,Low
TCGA-EM-A3AQ-01,0.42807263798349826,904,0,85,1.0,High
TCGA-EM-A3SU-01,1.0336458927901864,911,0,43,1.0,High
TCGA-ET-A25J-01,-0.17660312450674867,2359,0,40,1.0,Low
TCGA-FE-A3PC-01,0.8556416327444193,2606,0,37,1.0,High
TCGA-EL-A4KI-01,0.22394920443285282,265,1,63,3.0,High
TCGA-EL-A3D6-01,0.7558896243626364,3296,0,51,3.0,High
TCGA-CE-A3ME-01,0.09417097377320123,379,0,51,2.0,Low
TCGA-H2-A422-01,-0.03060755889190532,566,0,40,1.0,Low
TCGA-EL-A3CY-01,-0.09191404047525775,127,0,28,1.0,Low
TCGA-FY-A4B0-01,-0.8947313507062652,420,0,76,1.0,Low
TCGA-EM-A3FR-01,-0.923658943774997,457,0,55,3.0,Low
TCGA-EM-A4FR-01,0.23846388881588146,655,0,28,1.0,High
TCGA-EL-A4JX-01,0.422961727398899,1398,0,31,1.0,High
TCGA-EL-A3H1-01,-0.9942489288618649,1500,0,66,1.0,Low
TCGA-DJ-A4UP-01,0.15081390984900508,916,0,15,1.0,High
TCGA-DJ-A3UM-01,0.33902889822186166,944,0,45,1.0,High
TCGA-E3-A3E5-01,0.31883861906996996,1215,0,57,4.0,High
TCGA-KS-A4IC-01,0.35574358368263775,1073,0,45,3.0,High
TCGA-E8-A2JQ-01,0.6499670877745763,356,0,18,1.0,High
TCGA-DJ-A2Q9-01,-0.08724732781669609,1092,0,65,3.0,Low
TCGA-DJ-A4UR-01,0.1388918701425037,113,1,36,2.0,High
TCGA-EM-A2CP-01,-0.9879086683006131,91,0,26,1.0,Low
TCGA-E8-A44K-01,0.6975727382078775,943,0,50,1.0,High
TCGA-DJ-A2PQ-01,0.19207545285115388,1077,0,26,1.0,High
TCGA-BJ-A0Z5-01,0.3215001088669665,448,0,58,3.0,High
TCGA-BJ-A192-01,-0.48636004934513877,1349,0,54,3.0,Low
TCGA-ET-A2MY-01,0.4941611585988799,1787,0,72,1.0,High
TCGA-FY-A3I4-01,0.27369170511426605,542,0,34,1.0,High
TCGA-EM-A2P2-01,-0.4219637566253696,526,0,46,3.0,Low
TCGA-DJ-A2PU-01,-0.19889757617797557,1033,0,52,2.0,Low
TCGA-BJ-A0ZF-01,-0.7592762275726331,735,1,54,2.0,Low
TCGA-DJ-A3UZ-01,-0.453990749870905,1246,0,70,3.0,Low
TCGA-EM-A22P-01,-0.03561061541575591,1256,0,64,4.0,Low
TCGA-EM-A1CT-01,-0.10757572569219864,553,0,76,4.0,Low
TCGA-ET-A39J-01,0.2200513922184021,3227,0,23,1.0,High
TCGA-EL-A3GW-01,-0.6091701193378926,1527,0,37,1.0,Low
TCGA-EL-A3ZK-01,0.43759650125786753,1575,0,41,1.0,High
TCGA-ET-A3BN-01,-0.011068480010873795,859,0,33,1.0,Low
TCGA-FY-A3R7-01,-0.21464216749294387,495,0,50,3.0,Low
TCGA-DJ-A1QD-01,0.1188659860213664,1462,0,20,1.0,Low
TCGA-EM-A2OW-01,-1.3560115571633442,1227,0,37,1.0,Low
TCGA-KS-A4I3-01,0.07640253537684218,1329,0,41,1.0,Low
TCGA-DJ-A3V3-01,0.31190729045163923,931,0,57,2.0,High
TCGA-DJ-A3VK-01,-0.2632611074756386,753,0,63,3.0,Low
TCGA-ET-A25N-01,0.13154262589288654,1928,0,28,1.0,Low
TCGA-ET-A2N3-01,-0.8926280018810134,2535,0,34,1.0,Low
TCGA-EL-A3CU-01,-0.0662527338865468,4780,0,70,3.0,Low
TCGA-EM-A2P3-01,0.18392403495166798,444,0,47,1.0,High
TCGA-BJ-A28X-01,-0.0729468955458406,494,1,32,1.0,Low
TCGA-EM-A2CR-01,0.6076360995831763,415,0,46,2.0,High
TCGA-DE-A0XZ-01,-0.08054178663257172,204,1,65,3.0,Low
TCGA-ET-A3DP-01,0.08368957591355292,2877,0,43,1.0,Low
TCGA-EM-A2CL-01,-1.7471274957395446,401,0,31,1.0,Low
TCGA-EL-A3ZQ-01,1.2568068570264725,1862,0,78,2.0,High
TCGA-EM-A22K-01,-0.5309962152524367,479,0,46,4.0,Low
TCGA-DE-A4M9-01,-0.903596994100545,573,0,28,1.0,Low
TCGA-EL-A4KD-01,-0.12060393447022749,1326,0,41,1.0,Low
TCGA-EL-A3T1-01,0.395000349911707,3941,0,38,1.0,High
TCGA-MK-A84Z-01,-0.3836062731903685,728,0,74,3.0,Low
TCGA-FE-A238-01,0.43416733498697474,431,1,36,1.0,High
TCGA-EM-A4FH-01,-1.3094782722177132,892,0,69,3.0,Low
TCGA-MK-A4N7-01,0.07534819625808072,987,0,20,1.0,Low
TCGA-EM-A4G1-01,-0.320981025317561,416,0,26,1.0,Low
TCGA-BJ-A0YZ-01,-0.5801107644460162,754,0,65,2.0,Low
TCGA-DJ-A3UR-01,-0.08352231984011475,1105,0,51,3.0,Low
TCGA-J8-A42S-01,0.46828912500158876,75,0,45,3.0,High
TCGA-ET-A2N0-01,1.5589094135599764,1600,0,51,3.0,High
TCGA-GE-A2C6-01,0.16538672506802393,381,0,33,1.0,High
TCGA-DJ-A1QI-01,0.18690348093148512,455,0,63,2.0,High
TCGA-FY-A40M-01,-0.5248728875249782,684,0,51,1.0,Low
TCGA-DJ-A2Q0-01,-1.3146727435672114,1045,0,57,2.0,Low
TCGA-EM-A2OY-01,-1.3653236934199129,983,0,46,2.0,Low
TCGA-BJ-A0Z9-01,0.37144157032639363,1257,0,57,3.0,High
TCGA-EM-A1CV-01,-0.2677097138783459,1475,0,32,1.0,Low
TCGA-BJ-A28T-01,-0.823341931548439,1081,0,34,1.0,Low
TCGA-ET-A40Q-01,0.6881003318750215,218,1,38,1.0,High
TCGA-EM-A22L-01,-1.1529983174476495,318,0,33,1.0,Low
TCGA-EM-A4FN-01,1.0605442438667456,802,0,49,4.0,High
TCGA-EL-A3MZ-01,0.742762597822245,1597,0,66,3.0,High
TCGA-FY-A3W9-01,-0.808714250748959,658,0,66,2.0,Low
TCGA-DJ-A3VL-01,-0.1929454637258091,411,1,38,1.0,Low
TCGA-EL-A3ZL-01,0.40562235885440323,1895,0,34,1.0,High
TCGA-EL-A3MX-01,0.26984619513791447,1708,1,66,4.0,High
TCGA-DJ-A2PT-01,1.067303421824655,1181,0,70,3.0,High
TCGA-ET-A39P-01,0.156446596898588,2900,0,73,3.0,High
TCGA-EL-A3MW-01,0.16252858543696588,3305,0,55,2.0,High
TCGA-KS-A4ID-01,0.1964633843335153,1011,0,55,1.0,High
TCGA-FE-A233-01,0.12801013718364632,567,1,18,1.0,Low
TCGA-E8-A413-01,0.13287074851030123,912,0,38,1.0,High
TCGA-EL-A3ZN-01,0.2860276522377508,1614,0,28,1.0,High
TCGA-FK-A3SB-01,-0.05169565389960418,125,0,28,1.0,Low
TCGA-EL-A3CN-01,0.30008588551591114,4731,0,47,2.0,High
TCGA-EM-A2CO-01,-1.2884143869793225,184,0,77,2.0,Low
TCGA-DJ-A4UT-01,0.3245159358256266,823,0,32,1.0,High
TCGA-EM-A3AO-01,0.4503356923372735,1354,0,61,4.0,High
TCGA-BJ-A191-01,-1.136219139779943,147,0,49,1.0,Low
TCGA-EM-A4FO-01,0.038720112430303884,802,0,72,1.0,Low
TCGA-ET-A3DQ-01,-0.4393629874604567,2581,0,43,1.0,Low
TCGA-EL-A3H5-01,0.5082464483527599,2542,0,57,4.0,High
TCGA-DE-A4MB-01,0.5534656100630264,352,0,79,4.0,High
TCGA-EL-A3TB-01,0.12779333931508385,2519,0,47,3.0,Low
TCGA-DJ-A1QM-01,-0.2826670545133194,183,0,42,1.0,Low
TCGA-EL-A3T2-01,-1.2261483805552407,903,1,55,3.0,Low
TCGA-DJ-A3V9-01,0.13098446832196955,623,0,50,4.0,Low
TCGA-J8-A4HY-01,0.3280195282764698,6,0,68,4.0,High
TCGA-ET-A3DV-01,-1.0425327057799132,5068,0,68,2.0,Low
TCGA-BJ-A4O9-01,-0.2140373234210808,714,0,51,2.0,Low
TCGA-BJ-A18Z-01,0.3821977147361518,1263,0,58,4.0,High
TCGA-E3-A3DY-01,0.08421510705447562,2815,0,37,1.0,Low
TCGA-EL-A3T7-01,0.43023574839221373,1256,0,47,2.0,High
TCGA-FY-A3R8-01,0.5212145343008457,477,0,62,3.0,High
TCGA-EM-A3AP-01,-0.9788259075919482,254,0,31,1.0,Low
TCGA-EM-A3FQ-01,0.4515211787603741,492,0,19,1.0,High
TCGA-IM-A3EB-01,0.4026974313927403,1488,0,32,1.0,High
TCGA-KS-A4I5-01,0.7933380804185908,567,0,49,4.0,High
TCGA-CE-A3MD-01,0.06427941568162344,389,0,31,1.0,Low
TCGA-ET-A3BU-01,0.2458240949093963,2367,0,28,1.0,High
TCGA-ET-A3BP-01,0.2468898862977887,2406,0,34,1.0,High
TCGA-EM-A3OA-01,-1.0985201585541822,822,0,55,2.0,Low
TCGA-E3-A3DZ-01,-1.0173980136104464,1436,0,55,3.0,Low
TCGA-MK-A4N9-01,0.20172662777985684,919,0,41,1.0,High
TCGA-ET-A40S-01,0.41427704433591556,1223,0,62,2.0,High
TCGA-ET-A3DR-01,-0.23578630567033373,2451,0,42,1.0,Low
TCGA-EL-A3CR-01,0.8194141513835431,233,0,78,3.0,High
TCGA-DJ-A3VE-01,0.29733359188531616,577,0,50,1.0,High
TCGA-BJ-A28S-01,-0.962001143864564,640,0,79,2.0,Low
TCGA-DE-A4M8-01,-0.21717782101587,564,0,61,3.0,Low
TCGA-EL-A3H4-01,-0.025907281667360033,1512,0,46,4.0,Low
TCGA-BJ-A0Z2-01,-0.8712592956751379,158,1,57,4.0,Low
TCGA-FY-A3TY-01,-0.17592521929910654,709,0,61,3.0,Low
TCGA-FY-A3I5-01,-1.2574668737089747,238,0,64,3.0,Low
TCGA-EL-A3T0-01,0.0042041376703810225,4335,0,45,3.0,Low
TCGA-FY-A3NP-01,-0.8666702910148528,491,0,69,1.0,Low
TCGA-EL-A3GU-01,0.49534682060295515,544,1,72,3.0,High
TCGA-DJ-A2Q1-01,1.0400250605521713,1148,0,44,1.0,High
TCGA-EM-A3AR-01,-0.4454803898768482,1133,0,41,1.0,Low
TCGA-EM-A2CK-01,-0.8508856320696121,544,0,28,1.0,Low
TCGA-DJ-A3VA-01,0.20121674010222237,755,0,39,1.0,High
TCGA-DJ-A2PP-01,-1.265446142131006,930,0,47,2.0,Low
TCGA-DJ-A3V6-01,0.5990057096327623,818,0,54,3.0,High
TCGA-J8-A3YF-01,0.7977362092425248,751,0,83,3.0,High
TCGA-EM-A3AN-01,0.24166533007473956,1006,0,36,1.0,High
TCGA-J8-A3O1-01,0.052143897709547894,827,0,33,1.0,Low
TCGA-ET-A25M-01,0.14655603201112796,1831,0,33,1.0,High
TCGA-EL-A3GV-01,-0.1017167272364584,1532,0,65,3.0,Low
TCGA-ET-A2MZ-01,0.17772656950062468,1133,0,39,1.0,High
TCGA-EL-A3ZR-01,-0.5635311567496061,1830,0,46,2.0,Low
TCGA-DJ-A13M-01,0.13594934232830122,1484,0,28,1.0,High
TCGA-BJ-A3PT-01,0.018492017496848548,709,0,51,3.0,Low
TCGA-BJ-A45H-01,0.3178780081835988,865,0,45,3.0,High
TCGA-BJ-A0ZB-01,0.23290365394697568,122,0,66,4.0,High
TCGA-ET-A40R-01,0.3936892969349059,1350,0,24,1.0,High
TCGA-BJ-A3F0-01,-0.614334571072709,424,0,64,1.0,Low
TCGA-FY-A3R6-01,0.10872344481203262,423,0,57,4.0,Low
TCGA-EM-A3SY-01,-0.8997194181986479,411,0,36,1.0,Low
TCGA-FY-A40K-01,-0.19028147738525944,461,0,46,1.0,Low
TCGA-DJ-A4V0-01,-0.705047240162377,1081,0,36,1.0,Low
TCGA-E8-A434-01,0.09498312439670152,953,0,56,1.0,Low
TCGA-EL-A3ZG-01,0.44910596581476053,2724,0,15,1.0,High
TCGA-EM-A2CQ-01,-1.0931249274124912,374,0,40,1.0,Low
TCGA-FK-A3S3-01,0.2325811834915643,2162,0,43,1.0,High
TCGA-DJ-A3US-01,-0.5080063398648916,998,0,37,1.0,Low
TCGA-E8-A414-01,0.07347264775731856,958,0,45,3.0,Low
TCGA-E8-A415-01,0.17926488238081606,944,0,39,1.0,High
TCGA-BJ-A2N8-01,-0.007656785392665881,504,0,30,1.0,Low
TCGA-DJ-A3UY-01,-0.10949214634831093,1091,0,32,1.0,Low
TCGA-E8-A418-01,0.676012052249999,92,0,75,4.0,High
TCGA-DE-A0Y2-01,0.20701691973820302,658,0,30,1.0,High
TCGA-BJ-A0Z3-01,-0.01368142654046342,497,0,33,1.0,Low
TCGA-FY-A40L-01,0.4541394801299923,726,0,55,4.0,High
TCGA-EL-A3CO-01,-0.497119860107577,2973,0,88,3.0,Low
TCGA-EM-A4FU-01,-0.2691385737785049,781,1,35,1.0,Low
TCGA-EM-A2CJ-01,-1.073358948383272,1447,0,49,1.0,Low
TCGA-EL-A4K6-01,-0.6842428572311162,874,1,75,4.0,Low
TCGA-CE-A482-01,0.3690825253798138,325,0,27,1.0,High
TCGA-EL-A3H7-01,0.6979279621531068,4228,0,36,1.0,High
TCGA-BJ-A0ZJ-01,-0.20095669033995792,1280,0,36,1.0,Low
TCGA-EL-A4JZ-01,0.40992735140242154,1856,0,55,3.0,High
TCGA-EM-A3SX-01,-0.21927794496853406,908,0,28,1.0,Low
TCGA-BJ-A45I-01,0.5792887549974897,110,1,51,3.0,High
TCGA-FE-A234-01,0.5245833643274053,483,1,26,1.0,High
TCGA-DJ-A4UQ-01,-0.014240224573266043,1005,0,60,4.0,Low
TCGA-DJ-A13S-01,-0.6114813151007352,265,0,19,1.0,Low
TCGA-EM-A2P1-01,0.16649649233647645,363,1,33,1.0,High
TCGA-EL-A3D5-01,-1.041854607656144,1737,0,44,1.0,Low
TCGA-E8-A3X7-01,0.8053259446203797,951,0,57,4.0,High
TCGA-BJ-A28R-01,0.3059396503554363,1282,0,38,1.0,High
TCGA-BJ-A0ZE-01,-0.36288751565974137,509,0,63,3.0,Low
TCGA-ET-A4KN-01,1.7627073577114707,1009,0,51,3.0,High
TCGA-EM-A3O7-01,-0.15027651143153198,223,0,46,3.0,Low
TCGA-E3-A3E2-01,0.3438009298008617,1922,0,34,1.0,High
TCGA-H2-A421-01,0.48596508814691947,610,0,34,1.0,High
TCGA-DE-A0Y3-01,0.2108587316083124,30,1,60,4.0,High
TCGA-EM-A1YA-01,-1.4372297103375236,602,0,74,2.0,Low
TCGA-ET-A2N4-01,0.04592349586888986,81,0,53,3.0,Low
TCGA-IM-A41Z-01,-0.4380457786723473,946,0,37,1.0,Low
TCGA-EM-A1YD-01,-1.3072280582177063,1734,0,53,2.0,Low
TCGA-CE-A27D-01,0.0015156761311770673,374,0,28,1.0,Low
TCGA-EM-A3O6-01,-0.9493285457026136,458,0,54,2.0,Low
TCGA-DJ-A3UO-01,0.3595964348172673,641,1,63,4.0,High
TCGA-ET-A40P-01,0.45252373550800584,1338,0,32,1.0,High
TCGA-ET-A25R-01,0.2806901454467466,1930,0,51,3.0,High
TCGA-DJ-A3VI-01,0.4871019244698334,95,0,52,3.0,High
TCGA-DJ-A3UQ-01,0.2985017852672999,595,0,45,3.0,High
TCGA-DJ-A3VD-01,0.17929668231315213,1238,0,32,1.0,High
TCGA-DJ-A13L-01,0.5747179355673787,303,0,85,1.0,High
TCGA-BJ-A3PU-01,1.3750368294115536,174,1,52,3.0,High
TCGA-FY-A3WA-01,-1.6310784208943157,519,0,52,1.0,Low
TCGA-DJ-A1QH-01,0.20049521131284023,1293,0,58,3.0,High
TCGA-DE-A4MC-01,0.5811542174633342,332,1,43,1.0,High
TCGA-DJ-A3V7-01,0.6290489068499309,706,0,44,3.0,High
TCGA-BJ-A2P4-01,0.11783826394968382,390,0,29,1.0,Low
TCGA-DJ-A2PS-01,-0.07058884604973747,797,0,40,1.0,Low
TCGA-ET-A25L-01,0.606019342926019,1721,0,52,4.0,High
TCGA-E3-A3E1-01,0.33130799880808554,2449,0,46,1.0,High
TCGA-L6-A4EU-01,1.0968895085320371,289,0,58,3.0,High
TCGA-E8-A417-01,0.24060285950938576,938,0,38,1.0,High
TCGA-ET-A2MX-01,0.7242314848506198,2689,0,27,1.0,High
TCGA-DE-A4MA-01,1.4326491681326043,916,0,52,3.0,High
TCGA-EL-A3ZT-01,0.4712172790406117,1808,0,35,1.0,High
TCGA-BJ-A4O8-01,0.3387040061196538,591,0,47,3.0,High
TCGA-J8-A3O0-01,-0.36952396136264776,1313,0,38,1.0,Low
TCGA-DJ-A2PV-01,-0.3088834460032057,973,0,53,2.0,Low
TCGA-EL-A3H8-01,0.08078978212331896,4577,0,35,1.0,Low
TCGA-EM-A3FP-01,-0.30150512234523325,529,0,71,2.0,Low
TCGA-ET-A3BO-01,0.08326333722816831,1533,0,44,1.0,Low
TCGA-EM-A2CS-01,-0.21357930259179628,841,0,51,4.0,Low
TCGA-ET-A25G-01,0.545316268642798,2492,0,56,3.0,High
TCGA-DJ-A3UK-01,-0.30651783585967635,1123,0,35,1.0,Low
TCGA-E8-A437-01,0.34875458596880016,1213,0,57,1.0,High
TCGA-ET-A3BT-01,0.2654304313512627,267,1,60,4.0,High
TCGA-ET-A3BQ-01,0.1228988676837083,2331,0,27,1.0,Low
TCGA-FY-A3YR-01,0.5487017033327648,528,0,64,3.0,High
TCGA-KS-A4I9-01,0.48401797869243923,2658,0,46,1.0,High
TCGA-DE-A7U5-01,0.4753492674470403,84,0,36,1.0,High
TCGA-EL-A3ZS-01,0.11025344822266431,215,0,22,1.0,Low
TCGA-EM-A1CU-01,0.2800062694746452,636,0,31,1.0,High
TCGA-EL-A3T3-01,0.6560100785375499,4017,0,63,2.0,High
TCGA-DJ-A1QF-01,-0.29674190011897517,931,0,61,2.0,Low
TCGA-DJ-A13R-01,-0.08939080520484492,565,0,50,3.0,Low
TCGA-EL-A4K0-01,-0.17942510887187624,944,0,54,1.0,Low
TCGA-EL-A3GX-01,0.42715840512082864,439,1,41,1.0,High
TCGA-EM-A2CU-01,0.23865587966080778,400,0,47,3.0,High
TCGA-DJ-A4UW-01,0.2664905385039623,819,0,34,1.0,High
TCGA-DJ-A3UU-01,-0.16139415637439752,713,0,49,3.0,Low
TCGA-E8-A433-01,1.1114530748779565,951,0,25,1.0,High
TCGA-QD-A8IV-01,-0.8943339592790832,392,0,50,4.0,Low
TCGA-EM-A22O-01,0.1543574878152763,1344,0,75,4.0,High
TCGA-BJ-A45F-01,-0.4853230360311051,105,0,59,1.0,Low
TCGA-EM-A2OZ-01,0.05386611359213823,1033,0,66,1.0,Low
TCGA-DJ-A3UX-01,-0.3223971356527244,345,0,46,1.0,Low
TCGA-ET-A3BV-01,0.34432217267207754,1204,1,47,3.0,High
TCGA-EL-A3N3-01,0.37695806639752494,5423,0,53,2.0,High
TCGA-EM-A4FQ-01,0.9631893304946034,683,0,42,1.0,High
TCGA-DJ-A4UL-01,0.6497597813066264,939,0,68,1.0,High
TCGA-CE-A484-01,0.13633285722080266,378,0,37,1.0,High
TCGA-DJ-A13W-01,-0.8679360224626241,1593,0,45,1.0,Low
TCGA-EL-A4JW-01,0.09215599386624541,1056,0,38,1.0,Low
TCGA-BJ-A2N7-01,-0.5506418360378799,559,0,30,1.0,Low
TCGA-4C-A93U-01,0.6541164582290219,129,0,74,4.0,High
TCGA-ET-A39R-01,0.010693849210100586,2863,0,24,1.0,Low
TCGA-DJ-A1QL-01,-1.1075848712443106,535,0,70,2.0,Low
TCGA-FK-A3SD-01,-1.1188562124387456,32,0,61,1.0,Low
TCGA-EL-A3CT-01,0.42662758503424153,1854,0,78,4.0,High
TCGA-EM-A3O3-01,0.7953538640725396,441,0,83,3.0,High
TCGA-EM-A3OB-01,-0.8325459721953038,1176,0,33,1.0,Low
TCGA-EL-A3D1-01,1.329271980418027,2997,0,39,1.0,High
TCGA-KS-A4I7-01,0.3764377258974691,987,0,61,1.0,High
TCGA-EM-A3FN-01,-0.8934109628760986,367,0,42,1.0,Low
TCGA-CE-A13K-01,0.1664937343189601,385,0,30,1.0,High
TCGA-EL-A4K1-01,0.9645268156531523,1046,0,68,3.0,High
TCGA-FE-A3PD-01,0.31841589513686724,2396,0,17,1.0,High
TCGA-DJ-A3VM-01,-0.5375705391872496,840,0,68,2.0,Low
TCGA-ET-A4KQ-01,-0.8222765146693485,955,0,45,2.0,Low
TCGA-EM-A3FO-01,0.8015795670851311,532,0,40,1.0,High
TCGA-DJ-A1QO-01,0.4735751171194056,1062,1,69,3.0,High
TCGA-KS-A41F-01,1.4695085525068174,4367,0,37,1.0,High
TCGA-DO-A2HM-01,0.16031538664897615,71,0,49,4.0,High
TCGA-EL-A3ZH-01,-0.9898411528327875,2773,0,42,1.0,Low
TCGA-KS-A4IB-01,0.13025054564566718,2577,0,41,1.0,Low
TCGA-FE-A235-01,0.8650756966302069,3571,0,26,1.0,High
TCGA-IM-A3ED-01,-0.12226589356483443,1442,0,58,1.0,Low
TCGA-DE-A69K-01,0.34057643790838227,434,1,58,3.0,High
TCGA-EL-A3GY-01,0.3529742939480364,3076,0,40,2.0,High
TCGA-ET-A3BS-01,-0.020644466660476386,176,0,42,1.0,Low
TCGA-EM-A4FK-01,-1.2232839378475038,649,0,33,1.0,Low
TCGA-EM-A3SZ-01,0.6631493063174014,389,0,42,1.0,High
TCGA-DE-A69J-01,0.6119922684106224,447,0,34,1.0,High
TCGA-E8-A416-01,-0.6570796258278129,952,0,51,1.0,Low
TCGA-FE-A236-01,-0.17938353591208098,2031,0,33,1.0,Low
TCGA-EL-A3T6-01,0.5862127171211027,2988,0,34,1.0,High
TCGA-DJ-A13T-01,-0.1925451406333248,1709,0,37,1.0,Low
TCGA-EM-A4FM-01,0.8868695956278865,162,0,59,4.0,High
TCGA-KS-A41J-01,1.0641917254348738,477,0,28,1.0,High
TCGA-DJ-A2Q2-01,-1.0147525616724213,1337,0,57,3.0,Low
TCGA-BJ-A3EZ-01,0.4362533209634942,487,0,51,4.0,High
TCGA-EL-A3MY-01,0.7065741535470954,533,1,81,4.0,High
TCGA-BJ-A290-01,0.08043259530400498,329,1,70,3.0,Low
TCGA-EL-A3N2-01,0.3026968464785322,902,0,24,1.0,High
TCGA-DJ-A2PY-01,0.152487845927497,267,0,46,3.0,High
TCGA-FY-A3RA-01,0.1796805760785095,550,0,21,1.0,High
TCGA-EL-A4KG-01,0.8838443884607967,739,0,35,1.0,High
TCGA-BJ-A2NA-01,0.4150813867138213,127,1,77,3.0,High
TCGA-EM-A3AJ-01,-0.7197758865925873,941,0,39,1.0,Low
TCGA-BJ-A190-01,-1.588764195737726,626,0,55,2.0,Low
TCGA-EM-A2OX-01,0.28769938565515135,600,0,46,4.0,High
TCGA-EL-A3D4-01,0.12005519183384243,2116,0,62,4.0,Low
TCGA-ET-A3BX-01,0.3500060296557579,1596,0,24,1.0,High
TCGA-DJ-A4V4-01,0.43983352324247904,481,0,48,1.0,High
TCGA-BJ-A0ZG-01,-1.481538557825339,775,0,80,1.0,Low
TCGA-FK-A3SH-01,0.6081752695669865,1463,0,50,3.0,High
TCGA-EL-A3CZ-01,-1.1838348473901272,1426,1,37,1.0,Low
TCGA-EL-A3D0-01,0.16785179777210854,4254,0,61,3.0,High
TCGA-DJ-A2QA-01,1.0433991215083855,1020,0,56,3.0,High
TCGA-BJ-A45E-01,-0.47774891819406157,639,0,46,1.0,Low
TCGA-FE-A237-01,0.25515748673615635,492,1,19,1.0,High
TCGA-IM-A420-01,0.48029057138789494,250,0,39,1.0,High
TCGA-CE-A483-01,0.17501263459826952,457,0,34,1.0,High
TCGA-DJ-A3UN-01,0.05429605500108466,986,0,51,1.0,Low
TCGA-ET-A25P-01,-0.6326188985831226,559,0,24,1.0,Low
TCGA-H2-A26U-01,0.3159903950717398,517,0,54,3.0,High
TCGA-DJ-A4V2-01,0.4690393759788964,95,0,38,1.0,High
TCGA-ET-A3DU-01,0.552536449797067,1911,0,21,1.0,High
TCGA-DJ-A3VG-01,-0.5366628804235615,1085,0,40,1.0,Low
TCGA-FE-A23A-01,0.5546912295988319,2489,0,27,1.0,High
TCGA-DO-A1JZ-01,-0.17295034255280603,1670,0,23,1.0,Low
TCGA-EM-A1YC-01,-1.5505307248307336,2391,0,71,3.0,Low
TCGA-FK-A4UB-01,0.3341859227109805,3531,0,51,3.0,High
TCGA-E8-A436-01,0.4992028648094234,455,0,53,4.0,High
TCGA-DE-A2OL-01,-1.313502213565106,1145,0,44,1.0,Low
TCGA-BJ-A45C-01,-1.441953863316579,243,1,78,3.0,Low
TCGA-EL-A4JV-01,-0.7291260377534027,1748,0,41,1.0,Low
TCGA-E8-A419-01,0.674653349961913,774,0,30,1.0,High
TCGA-E3-A3E0-01,0.1334839962190951,2019,0,34,1.0,High
TCGA-H2-A2K9-01,-1.666849427025204,659,0,25,1.0,Low
TCGA-FE-A230-01,0.05425554458160462,526,1,30,1.0,Low
TCGA-BJ-A0Z0-01,-1.3066802883509485,419,0,55,2.0,Low
TCGA-EL-A3ZO-01,1.214745718773279,2211,0,79,3.0,High
TCGA-DJ-A2PR-01,-0.19221173422126844,835,0,27,1.0,Low
TCGA-DJ-A3V5-01,0.242823289204511,584,0,76,3.0,High
TCGA-EL-A3GR-01,0.042891619478145994,3501,0,31,1.0,Low
TCGA-EL-A4KH-01,0.8423228786155882,823,0,36,1.0,High
TCGA-L6-A4EP-01,0.9163419625695091,1016,0,41,1.0,High
TCGA-ET-A39T-01,0.012614456194099491,2987,0,55,3.0,Low
TCGA-DJ-A3UP-01,-0.7435794557847594,499,0,38,1.0,Low
TCGA-J8-A3YE-01,0.004923971612353435,847,0,31,1.0,Low
TCGA-DJ-A3UT-01,-0.441377574791127,1105,0,43,1.0,Low
TCGA-BJ-A2N9-01,-0.20192637784064935,225,1,42,1.0,Low
TCGA-BJ-A0ZH-01,0.7526031514038896,460,0,52,4.0,High
TCGA-BJ-A0ZA-01,-1.1006024799617629,574,0,67,2.0,Low
TCGA-EM-A1CS-01,-0.6305749723658646,817,0,55,1.0,Low
TCGA-FY-A40N-01,-0.4430837433451851,579,0,55,1.0,Low
TCGA-DJ-A2QC-01,0.7832039336605717,1215,0,70,2.0,High
TCGA-EL-A3TA-01,0.3295532351364416,2035,0,42,1.0,High
TCGA-E8-A242-01,0.7842960788818222,950,0,56,3.0,High
TCGA-EM-A1YE-01,-1.2100590855083444,1645,0,47,2.0,Low
TCGA-DJ-A3UV-01,-0.0783891403932714,1466,0,18,1.0,Low
TCGA-H2-A3RH-01,-0.14447144360615863,379,0,41,1.0,Low
TCGA-ET-A39O-01,0.6889607015949754,3059,0,39,1.0,High
TCGA-FE-A22Z-01,0.7106645476183076,1215,1,61,4.0,High
TCGA-DJ-A2QB-01,-0.7861047584458576,1070,0,53,4.0,Low
TCGA-EL-A3T9-01,0.5512587643496208,174,1,69,4.0,High
TCGA-DJ-A1QQ-01,-0.08266227541793635,534,0,43,1.0,Low
TCGA-DE-A4MD-01,0.3423063554265167,267,1,71,4.0,High
TCGA-ET-A39I-01,-0.823609991201988,1011,0,83,1.0,Low
TCGA-BJ-A18Y-01,-0.6245689017666465,1563,0,29,1.0,Low
TCGA-DJ-A2Q3-01,0.22810792513844627,385,1,61,3.0,High
TCGA-EL-A3GP-01,0.11464115916229149,1506,0,70,3.0,Low
TCGA-DJ-A2PZ-01,0.34795530918144996,256,0,63,3.0,High
TCGA-EL-A3CX-01,-0.59209745013879,3243,0,22,1.0,Low
TCGA-EM-A3AK-01,0.16261411443928836,477,0,62,1.0,High
TCGA-FE-A232-01,0.4635796462478056,2424,0,44,1.0,High
TCGA-EL-A3CL-01,0.02849115500690924,963,0,70,2.0,Low
TCGA-BJ-A45G-01,-0.6305447314536222,725,0,48,3.0,Low
TCGA-EL-A4K2-01,-0.6169796128969071,928,0,43,1.0,Low
TCGA-DJ-A3V4-01,-0.01659605707839615,1294,0,60,3.0,Low
TCGA-E8-A438-01,0.4911820149552373,1019,0,23,1.0,High
TCGA-EM-A2CM-01,-0.15339950016969453,1253,0,62,3.0,Low
TCGA-FE-A3PA-01,0.5297134351702643,3235,0,16,2.0,High
TCGA-EM-A3FL-01,-1.1836400744282176,1441,0,63,1.0,Low
TCGA-BJ-A3PR-01,0.20705380968460294,1107,0,69,1.0,High
TCGA-BJ-A28Z-01,0.2550007900800055,337,0,46,3.0,High
TCGA-FY-A4B3-01,0.5462779671203272,427,0,51,3.0,High
TCGA-EL-A3GS-01,0.02014925510822198,1989,0,37,1.0,Low
TCGA-BJ-A28V-01,-1.6052351813276253,987,0,80,3.0,Low
TCGA-DJ-A13P-01,-0.07629922752945349,5150,0,52,2.0,Low
TCGA-ET-A3DO-01,0.5538657181363389,570,1,33,1.0,High
TCGA-EL-A3GQ-01,-0.6882649623632048,1528,0,72,1.0,Low
TCGA-FE-A231-01,0.33104923557820143,961,0,70,4.0,High
TCGA-J8-A4HW-01,-0.14703989958263172,79,0,59,3.0,Low
TCGA-DJ-A3V8-01,0.5975662090445975,647,0,28,1.0,High
TCGA-EM-A3AL-01,-1.2564359806901184,430,0,45,1.0,Low
TCGA-MK-A4N6-01,0.47901468991130086,1098,0,35,1.0,High
TCGA-EL-A3CV-01,0.08295883659451568,1154,0,40,1.0,Low
TCGA-EL-A3H2-01,-1.4599196398145082,1019,1,58,2.0,Low
TCGA-DJ-A1QE-01,0.36468729704845987,4134,0,62,3.0,High
TCGA-J8-A3YD-01,-0.2059028217424305,968,0,47,3.0,Low
TCGA-DJ-A3UW-01,0.6656246102750317,1812,0,50,1.0,High
TCGA-EL-A4K7-01,1.0422541209691014,1251,0,74,3.0,High
TCGA-EM-A2CN-01,-0.5861275720135205,715,0,62,4.0,Low
TCGA-DJ-A2Q6-01,-0.07748429670716199,1109,0,38,1.0,Low
TCGA-EM-A1CW-01,-0.7839276519900341,549,0,39,1.0,Low
TCGA-EL-A3H3-01,0.47248479733652066,1319,0,19,1.0,High
TCGA-J8-A3O2-01,0.06142775056748271,342,0,39,1.0,Low
TCGA-EL-A3CM-01,0.3101885658418771,813,0,64,3.0,High
TCGA-FY-A3BL-01,0.14204112526622784,621,0,29,1.0,High
TCGA-DJ-A3VB-01,1.3056527262763609,697,0,52,3.0,High
TCGA-J8-A3YG-01,0.3633560167816496,678,0,54,3.0,High
TCGA-BJ-A291-01,-0.8087216912772156,696,0,56,1.0,Low
TCGA-EM-A2OV-01,-1.466919005625171,674,0,64,2.0,Low
TCGA-DJ-A2Q4-01,0.4573784118829785,1032,0,53,3.0,High
TCGA-CE-A485-01,0.10403030410269302,385,0,32,1.0,Low
TCGA-DJ-A2PN-01,0.09118487342068611,307,0,70,1.0,Low
TCGA-IM-A4EB-01,0.8326444116002509,780,0,37,1.0,High
TCGA-EM-A3O9-01,-0.5839629824311233,281,0,40,1.0,Low
TCGA-ET-A25O-01,-0.15884691963471154,1986,0,35,1.0,Low
TCGA-KS-A41L-01,-0.5832080755698802,3463,0,39,1.0,Low
TCGA-J8-A3NZ-01,0.3488469996920922,524,0,52,3.0,High
TCGA-DJ-A1QG-01,-0.7322423627831404,1368,0,62,1.0,Low
